{"cameraMode":{"drawMode":0,"name":"Shaded","section":"Shading Mode"},"sceneLighting":true,"audioPlay":false,"sceneViewState":{"m_AlwaysRefresh":false,"showFog":true,"showSkybox":true,"showFlares":true,"showImageEffects":true,"showParticleSystems":true,"showVisualEffectGraphs":true,"m_FxEnabled":true},"in2DMode":false,"pivot":{"x":-15.323020935058594,"y":21.289215087890626,"z":12.977947235107422},"rotation":{"x":0.17767518758773805,"y":0.5777486562728882,"z":-0.13056279718875886,"w":0.785915732383728},"size":22.615495681762697,"orthographic":false}