{"cameraMode":{"drawMode":0,"name":"Shaded","section":"Shading Mode"},"sceneLighting":false,"audioPlay":false,"sceneViewState":{"m_AlwaysRefresh":false,"showFog":true,"showSkybox":false,"showFlares":true,"showImageEffects":true,"showParticleSystems":true,"showVisualEffectGraphs":true,"m_FxEnabled":true},"in2DMode":false,"pivot":{"x":0.1215713620185852,"y":0.711516261100769,"z":0.324718713760376},"rotation":{"x":0.018756374716758729,"y":-0.9713922142982483,"z":0.08202426135540009,"w":0.22225651144981385},"size":0.8352744579315186,"orthographic":false}