{"cameraMode":{"drawMode":0,"name":"Shaded","section":"Shading Mode"},"sceneLighting":false,"audioPlay":false,"sceneViewState":{"m_AlwaysRefresh":false,"showFog":true,"showSkybox":false,"showFlares":true,"showImageEffects":true,"showParticleSystems":true,"showVisualEffectGraphs":true,"m_FxEnabled":true},"in2DMode":false,"pivot":{"x":-0.39529308676719668,"y":0.7996395230293274,"z":-0.3239783048629761},"rotation":{"x":-0.0021008343901485206,"y":0.9949092864990234,"z":-0.021204188466072084,"w":-0.09851586073637009},"size":2.3352742195129396,"orthographic":false}