{"cameraMode":{"drawMode":0,"name":"Shaded","section":"Shading Mode"},"sceneLighting":false,"audioPlay":false,"sceneViewState":{"m_AlwaysRefresh":false,"showFog":true,"showSkybox":false,"showFlares":true,"showImageEffects":true,"showParticleSystems":true,"showVisualEffectGraphs":true,"m_FxEnabled":true},"in2DMode":false,"pivot":{"x":8.070810317993164,"y":2.5103447437286379,"z":15.978927612304688},"rotation":{"x":0.4659210443496704,"y":0.022361740469932557,"z":-0.011669603176414967,"w":0.884535551071167},"size":1.8313171863555909,"orthographic":false}