{"cameraMode":{"drawMode":0,"name":"Shaded","section":"Shading Mode"},"sceneLighting":true,"audioPlay":false,"sceneViewState":{"m_AlwaysRefresh":false,"showFog":true,"showSkybox":true,"showFlares":true,"showImageEffects":true,"showParticleSystems":true,"showVisualEffectGraphs":true,"m_FxEnabled":true},"in2DMode":false,"pivot":{"x":-2.191115617752075,"y":30.566783905029298,"z":26.51060676574707},"rotation":{"x":0.0015342541737481952,"y":0.8851840496063232,"z":-0.46523064374923708,"w":0.0029172340873628856},"size":3.86602520942688,"orthographic":false}