{"cameraMode":{"drawMode":0,"name":"Shaded","section":"Shading Mode"},"sceneLighting":true,"audioPlay":false,"sceneViewState":{"m_AlwaysRefresh":false,"showFog":true,"showSkybox":true,"showFlares":true,"showImageEffects":true,"showParticleSystems":true,"showVisualEffectGraphs":true,"m_FxEnabled":true},"in2DMode":false,"pivot":{"x":3.5925827026367189,"y":5.8730034828186039,"z":0.8962142467498779},"rotation":{"x":-0.15856149792671204,"y":-0.3493940532207489,"z":0.0601215735077858,"w":-0.9215115904808044},"size":1.2269206047058106,"orthographic":false}